publish_date,headline_text,sentiment
0_1_1_1,maecenas ataui edo rex o et praesidium et dulcis decus meus sum qui curriculum puluis olympicus colligo iuuo meta que feruidus euito rota palma que nobilis terra dominus eueho ad deus hic si mobilis turba quirites certo tergeminus tollo honor ille si proprius condo horreum quisquis de libycus uerro area,1
1_1_1_2,gaudeo patrius findo sarculum ager attalicus condicio numquam demoueo ut trabs cyprius myrtous pauidus nauta seco mare luctor icarius fluctus africus mercator metuo otium et oppidum laudo rus suus mox reficio ratis quatio indocilis pauperies patior,0
2_1_1_3,sum qui nec uetus poculum massicum nec pars solidus demo de dies sperno nunc uiridis membrum sub arbutus sterno nunc ad aqua lenis caput sacer castra multi iuuo et lituus tuba permisceo sonitus bellum que mater detestor maneo sub iuppiter frigidus uenator tener coniux immemor seu uideo _sum catulus cerua fidelis seu rumpo teres marsus aper plaga,1
3_1_1_4,ego doctus hedera praemium frons deus misceo superus ego gelidus nemus nympha que leuis cum satyrus chorus secerno populus si neque tibia euterpe cohibeo nec polyhymnia lesbous refugio tendo barbitos,1
4_1_1_5,quod si ego lyricus uates insero sublimis ferio sidus uertex,1
5_1_2_6,iam satis terra nix atque dirus grando mitto pater et rubeo dextera sacer iaculor arx terreo urbs terreo gens grauis ne redeo saeculum pyrrha nouus monstrum queror omnis cum proteus pecus ago altus uiso mons piscis et superus genus haereo ulmus notus qui sedes sum columba et superiacio pauidus nato aequor dama,1
6_1_2_7,uideo flauus tiberis retorqueo litus etruscus uiolenter unda eo deicio monumentum rex templum que uesta ilia dum sui nimius queror iacto ultor uagus et sinister labor ripa iuppiter non probo # uxorius amnis,0
7_1_2_8,audio ciuis acuo ferrum qui grauis persae bene pereo audio pugna uitium parens rarus iuuentus,1
8_1_2_9,quis uoco diuus populus ruo imperium res,1
9_1_2_10,prex quis fatigo uirgo sanctus parum audio carmen uesta,1
10_1_2_11,quis do pars scelus expio iuppiter,1
11_1_2_12,tandem uenio precor nubes candeo humerus amicio augur apollo siue tu malo erycinus rideo qui iocus circum uolo et cupido siue negligo genus et nepos respicio auctor heu nimis longus satio ludus qui iuuo clamor galea que leuis acer et marsus pedes cruentus uultus in hostis siue muto iuuenis figura ales in terra imitor almus filius maia patiens uoco caesar ultor serus in caelum redeo diu que laetus intersum populus quirinus neue tu noster uitium iniquus ocior aura tollo hic magnus potius triumphus hic amo dico pater atque princeps neue sino medi equito inultus tu dux caesar,1
12_1_3_13,sic tu diua potens cyprus sic frater helena lucidus sidus uentus que rego pater obstringo alius praeter iapyx nauis qui tu credo debeo uergilius finis atticus reddo incolumis precor et seruo anima dimidium meus,1
13_1_3_14,ille robur et aes triplex circa pectus sum qui fragilis trux committo pelagus ratis primus nec timeo praeceps africus decerto aquilo nec tristis hyades nec rabies notus qui non arbiter hadria magnus tollo seu pono uolo fretum,1
14_1_3_15,quis mors timeo gradus qui siccus oculus monstrum nato qui uideo mare turbidus et infamis scopulus acroceraunia,1
15_1_3_16,nequiquam deus abscindo prudens oceanus dissociabilis terra si tamen impius non tango ratis transilio uadum,1
16_1_3_17,audax omnis perpetior gens humanus ruo per ueto nefas audax iapetus genus ignis fraus malus gens infero,0
17_1_3_18,post ignis aetherius domus subduco macies et nouus febris terra incumbo cohors semotus que prius tardus necessitas letum corripio gradus,1
18_1_3_19,experior uacuus daedalus aer penna non homo do perrumpo acheron herculeus labor,0
19_1_3_20,nihil mortalis arduum sum caelum ipse peto stultitia neque per noster patior scelus iracundus iuppiter pono fulmen,0
20_1_4_21,soluo acer hiems gratus uicis uer et fauonius traho que siccus machina carina ac neque iam stabulum gaudeo pecus aut arator ignis nec pratum canus albico pruina,1
21_1_4_22,iam cythereus chorus duco uenus immineo luna iungo que nympha gratia decens alternus terra quatio pes dum grauis cyclops uulcanus ardens uiso officina,1
22_1_4_23,nunc decet aut uiridis nitidus caput impedio myrtus aut flos terra qui fero solutus,1
23_1_4_24,nunc et in umbrosus faunus decet immolo lucus seu posco agna siue malo haedus,1
24_1_4_25,pallidus mors aequus pulso pes pauper taberna rex que turris,1
25_1_4_26,o beatus sestius uita summa breuis spes nos ueto incoho longus iam tu premo nox fabula que manes et domus exilis plutonius quo simul meo nec regnum uinum sortior talus nec tener lycidas miror qui caleo iuuentus nunc omnis et mox uirgo tepeo,1
26_1_5_27,quis multus gracilis tu puer in rosa perfundo liquidus urgeo odor gratus pyrrha sub antrum,1
27_1_5_28,quis flauus religo coma simplex munditia,1
28_1_5_29,heu quotiens fides muto que deus fleo et asper niger aequor uentus emiror insolens qui nunc tu fruor credulus aureus qui semper uacuus semper amabilis spero nescius aura fallax,1
29_1_5_30,miser qui intento niteo ego tabula sacer uotiuus paries indico uuidus suspendo potens uestimentum mare deus,1
30_1_6_31,scribo uarius fortis et hostis uictor maeonius carmen ales qui res cumque ferox nauis aut equus miles tu dux gero,1
31_1_6_32,nos agrippa neque hic dico nec grauis pelides stomachus cedo nescius nec cursus duplex per mare ulixes nec saeuus pelops domus conor tenuis grandis dum pudor imbellis que lyra musa potens ueto laus egregius caesar et tuus culpa detero ingenium,0
32_1_6_33,quis mars tunica tego adamantinus digne scribo aut puluis troicus niger meriones aut ops pallas tydides superi par,1
33_1_6_34,nos conuiuium nos proelium uirgo seco in iuuenis unguis acer canto uacuus siue quis uro non praeter solitum leuis,0
34_1_7_35,laudo alius clarus rhodus aut mytilena aut ephesus bimaris ue corinthus moenia uel bacchus thebae uel apollo delphi insignis aut thessalus tempe sum qui unus opus sum intactus pallas urbs carmen perpetuus celebro et undique decerpo frons praepono oliua multus in iuno honor aptus dico equus argos diues que mycenae ego nec tam patiens lacedaemon nec tam larisa percutio campus opimus quam domus albunea resono et praeceps anio ac tiburnus lucus et udus mobilis pomarium riuus,1
35_1_7_36,albus ut obscurus detergeo nubilum caelum saepe notus neque parturio imber perpetuo sic tu sapiens finio memini tristitia uita que labor mollis plancus merum seu tu fulgeo signum castra teneo seu densus teneo tibur umbra tuus,1
36_1_7_37,teucer salamis pater que cum fugio tamen udus lyaeus tempus populeus fero uincio corona sic tristis affor amicus quo nos cumque fero bonus fortuna parens eo o socius comes que nihil despero teucer dux et auspex teucer,1
37_1_7_38,certus enim promitto apollo ambiguus tellus nouus salamis sum,1
38_1_7_39,o fortis malus que patior ego cum saepe uir nunc uinum pello cura cras ingens itero aequor,1
39_1_8_40,lydia dico per omnis tu deus oro sybaris cur propero amo perdo cur apricus odi campus patiens puluis atque sol cur neque militaris inter aequalis equito gallicus nec lupatus tempero os frenum,1
40_1_8_41,cur timeo flauus tiberis tango,1
41_1_8_42,cur oliuum sanguis uiperinus caute uito neque iam liuidus gesto arma brachium saepe discus saepe trans finis iaculum nobilis expedio,1
42_1_8_43,quis lateo ut marinus filius dico thetis sub lacrimosus troia funus ne uirilis cultus in caedes et lycius proripio caterua,0
43_1_9_44,uideo ut altus sto nix candidus soracte nec iam sustineo onus silua laboro gelu que flumen consisto acutus,1
44_1_9_45,dissoluo frigus lignum super focus large repono atque benigne depromo quadrimus sabinus o thaliarchus merum diota,1
45_1_9_46,permitto diuus cetera qui simul sterno uentus aequor feruidus deproelior nec cupressus nec uetus agito ornus,0
46_1_9_47,quis sum sum cras fugio quaero et qui fors dies cumque do lucrum appono nec dulcis amor sperno puer neque tu chorea donec uirens canities absum morosus,1
47_1_9_48,nunc et campus et area lenis que sub nox susurrus compositus repeto hora nunc et lateo proditor interior gratus puella risus ab angulus pignus que deripio lacertus aut digitus male pertinax,1
48_1_10_49,mercurius facundus nepos atlas qui ferus cultus homo recens uox formo catus et decorus mos palaestra tu cano magnus iuppiter et deus nuntius curuus que lyra parens callidus quisquis placeo iocosus condo furtum,1
49_1_10_50,tu bos olim nisi reddo per dolus amoueo puer minax uox dum terreo uiduus pharetra rideo apollo,1
50_1_10_51,quin et atrides dux tu superbus ilium diues priamus relinquo thessalus que ignis et iniquus troia castra fallo,0
51_1_10_52,tu pius laetus anima repono sedes uirga que leuis coerceo aureus turba superi deus gratus et inferus,1
52_1_11_53,tu ne quaero scio nefas quis ego quis tu finis deus do leuconoe nec babylonius tento numerus,1
53_1_11_54,ut bonus quisquis sum patior,1
54_1_11_55,seu multus hiems seu tribuo iuppiter ultimus qui nunc oppositus debilito pumex mare tyrrhenus sapio uinum liquo et spatium breuis spes longus reseco,1
55_1_11_56,dum loquor fugio inuidus aetas carpo dies quam minimum credulus posterus,0
56_1_12_57,quis uir aut heros lyra uel acer tibia sumo celebro clio,1
57_1_12_58,quis deus,1
58_1_12_59,quis recino iocosus nomen imago aut in umbrosus helicon ora aut super pindus gelidus ue in haemus,1
59_1_12_60,unde uocalis temere insequor orpheus silua ars maternus rapidus moror flumen lapsus celer que uentus blandus et auritus fides canorus duco quercus,1
60_1_12_61,quis prior dico solitus parens laus qui res homo ac deus qui mare ac terra uarius que mundus tempero hora,1
61_1_12_62,unde nihil magnus genero ipse nec uigeo quisquam similis aut secundus,1
62_1_12_63,propior ille tamen occupo pallas honor proelium audax,1
63_1_12_64,neque tu sileo liber et saeuus inimicus uirgo bellua nec tu metuo certus phoebus sagitta,1
64_1_12_65,dico et alcides puer que leda hic equus ille supero pugnus nobilis qui simul albus nauta stella refulgeo defluo saxum agito humor concido uentus fugio que nubes et minax quod sic uolo pontus unda recumbo,1
65_1_12_66,romulus post hic prius an quietus pompilius regnum memoro an superbus tarquinius fascis dubito an cato nobilis letum,1
66_1_12_67,regulus et scaurus anima que magnus prodigus paulus supero poenus gratus insignis refero camena fabricius que,1
67_1_12_68,hic et incomptus curius capillus utilis bellum fero et camillus saeuus paupertas et auitus aptus cum lar fundus,0
68_1_12_69,cresco occultus uelut arbor aeuum fama marcellus mico inter omnis iulius sidus uelut inter ignis luna paruus,1
69_1_12_70,gens humanus pater atque custos orior saturnus tu cura magnus caesar fatum do tu secundus caesar regno,1
70_1_12_71,ille seu parthi latium immineo ago iustus domo triumphus siue subicio oriens ora seres et indi tu paruus laetus rego aequus orbis tu grauis currus quatio olympus tu parum castus inimicus mitto fulmen lucus,1
71_1_13_72,cum tu lydia telephus ceruix roseus cereus telephus laudo brachium uae meus ferueo difficilis bilis tumeo iecur,0
72_1_13_73,tunc nec mens ego nec color certus sedes maneo humor et in gena furtim labor arguo quam lentus penitus macero ignis,1
73_1_13_74,uro seu tu candidus turpo humerus immodicus merum rixa siue puer furens imprimo memor dens labrum nota,1
74_1_13_75,non si ego satis audio spero perpetuus dulcis barbare laedo osculum qui uenus quintus pars suus nectar imbuo,1
75_1_13_76,felix ter et ample qui irruptus teneo copula nec malus diuello querimonia superus cito soluo amor dies,0
76_1_14_77,o nauis refero in mare tu nouus fluctus,1
77_1_14_78,o quis ago,1
78_1_14_79,fortiter occupo portus,1
79_1_14_80,nonne uideo ut nudus remigium latus et malus celer saucius africus antenna que gemo ac sine funis uix duro carina possum imperiosus aequor,0
80_1_14_81,non tu sum integer linteum non deus qui iterum premo uoco malum,1
81_1_14_82,quamuis ponticus pinus silua filia nobilis iacto et genus et nomen inutilis nihil pingo timidus nauta puppis fido,0
82_1_14_83,tu nisi uentus debeo ludibrium caueo,0
83_1_14_84,nuper sollicitus qui ego taedium nunc desiderium cura que non leuis interfundo nitens uito aequor cyclas,1
84_1_15_85,pastor cum traho per fretum nauis idaeus helena perfidus hospita ingratus celer obruo otium uentus ut cano ferus nereus fatum,0
85_1_15_86,malus duco auis domus qui multus repeto graecia miles coniuro tuus rumpo nuptiae et regnum priamus uetus,0
86_1_15_87,heu heu quantus equus quantus assum uir sudor quantus moueo funus dardanus gens,1
87_1_15_88,iam galea pallas et aegis currus que et rabies paro,0
88_1_15_89,nequiquam uenus praesidium ferox pecto caesaries gratus que femina imbellis cithara carmen diuido nequiquam thalamus grauis hasta et calamus spiculum gnosius uito strepitus que et celer sequor aiax tamen heu serus adulter crinis puluis collino,1
89_1_15_90,non laertiades exitium tuus gens non pylius nestor respicio,0
90_1_15_91,urgeo impauidus tu salaminius teucer tu sthenelus sciens pugna siue opus sum imperito equus non auriga piger,1
91_1_15_92,meriones quoque nosco,1
92_1_15_93,ecce furo tu reperio atrox tydides bonus pater qui tu ceruus ut uallis in alter uideo pars lupus gramen immemor sublimis fugio mollis anhelitus non hic polliceor tuus,0
93_1_15_94,iracundus dies profero ilium matrona que phryges classis achilles post certus hiems uro achaicus ignis iliacus domus,1
94_1_16_95,o mater pulcher filia pulcher qui criminosus cumque uolo modus pono iambus siue flamma siue mare libet hadrianus,1
95_1_16_96,non dindymena non adytum quatio mens sacerdos incola pythius non liber aeque non acutus sic gemino corybantes aes tristis ut ira qui neque noricus deterreo ensis nec mare naufragus nec saeuus ignis nec tremendus iuppiter ipse ruo tumultus,0
96_1_16_97,fero prometheus addo princeps limus cogo particula undique deseco et insanus leo uis stomachus appono noster,0
97_1_16_98,ira thyestes exitium grauis sterno et altus urbs ultimus sto causa cur pereo funditus imprimo que murus hostilis aratrum exercitus insolens,1
98_1_16_99,compesco mens ego quoque pectus tento in dulcis iuuenta feruor et in celer iambus mitto furens nunc ego mitis muto quaero tristis dum ego fio recanto amica opprobrium animus que reddo,1
99_1_17_100,uelox amoenus saepe lucretilis muto lycaeus faunus et igneus defendo aestas capella usque meus pluuius que uentus,1
100_1_17_101,impune tutus per nemus arbutus quaero lateo et thymum deuius oleo uxor maritus nec uiridis metuo colubra nec martialis haedilia lupus utcumque dulcis tyndaris fistula uallis et ustica cubo leuis persono saxum,1
101_1_17_102,deus ego tueor deus pietas meus et musa cor sum,1
102_1_17_103,hic tu copia mano ad plenum benignus rus honor opulentus cornu,1
103_1_17_104,hic in reductus uallis canicula uito aestus et fides teius dico laboro in unus penelope uitreus que circe,1
104_1_17_105,hic innocens poculum lesbium duco sub umbra nec semeleius cum mars confundo thyoneus proelium nec metuo proteruus suspicio cyrus ne male dispar incontinens inicio manus et scindo haereo corona crinis immeritus que uestis,1
105_1_18_106,nullus uarus sacer uitis prius sero arbor circa mitis solum tibur et moenia catilus,1
106_1_18_107,siccus omnis nam durus deus propono neque mordax aliter diffugio sollicitudo,0
107_1_18_108,quis post uinum grauis militia aut pauperies crepo,0
108_1_18_109,quis non tu potius bacchus pater tu que decens uenus,1
109_1_18_110,ac ne quis modicus transilio munus liber centaureus moneo cum lapithae rixa super merum debello moneo sithonii non leuis euhius cum fas atque nefas exiguus finis libido discerno auidus,1
110_1_18_111,non ego tu candidus bassareus inuitus quatio nec uarius obsero frons sub diuum rapio,0
111_1_18_112,saeuus teneo cum berecyntius cornu tympanum qui subsequor caecus amor sui et tollo uacuus multum nimium gloria uertex arcanum que fides prodigus pellucidus uitrum,1
112_1_19_113,mater saeuus cupido thebanus que iubeo ego semele puer et lasciuus licentia finio animus reddo amor,0
113_1_19_114,uro ego glycera nitor splendeo parius marmor pure uro gratus proteruitas et uultus nimium lubricus aspicio,1
114_1_19_115,in ego totus ruo uenus cyprus desero nec patior scythae et uerto animosus equus parthus dico nec qui nihil attineo,1
115_1_19_116,hic uiuus ego caespes hic uerbena puer pono tus que bimus cum patera merum macto uenio lenis hostia,1
116_1_20_117,uilis poto modicus sabinum cantharus graecus qui ego ipse testa condo lino do in theatrum cum tu plausus carus maecenas eques ut paternus flumen ripa simul et iocosus reddo laus tu uaticanus mons imago,1
117_1_20_118,caecubum et prelum domo calenus tu bibo uua meus nec falernus tempero uitis neque formianus poculum collis,1
118_1_21_119,diana tener dico uirgo intonsus puer dico cynthius latona que superus diligo penitus iuppiter,1
119_1_21_120,uos laetus fluuius et nemus coma quicumque aut gelidus promineo algidus niger aut erymanthus silua aut uiridis cragus uos tempe totidem tollo laus natalis que mas delos apollo insignis que pharetra fraternus que humerus lyra,1
120_1_21_121,hic bellum lacrimosus hic miser fames pestis que ab populus et princeps caesar in persae atque britanni uester moueo ago prex,0
121_1_22_122,integer uita scelus que purus non egeo maurus iaculum neque arcus nec uenenatus grauidus sagitta fuscus pharetra siue per syrtis iter aestuosus siue facio per inhospitalis caucasus uel qui locus fabulosus lambo hydaspes,1
122_1_22_123,namque ego silua lupus in sabinus dum meus canto lalage et ultra terminus cura uagor expedito fugio inermis qualis portentum neque militaris daunias latus alo aesculetum nec iuba tellus genero leo aridus nutrix,1
123_1_22_124,pono ego piger ubi nullus campus arbor aestiuus recreo aura qui latus mundus nebula malus que iuppiter urgeo pono sub currus nimium propinquus sol in terra domus nego dulce rideo lalage amo dulce loquor,1
124_1_23_125,uito hinnuleus ego similis chloe quaero pauidus mons auius mater non sine uanus aura et silua metus,0
125_1_23_126,nam seu mobilis uer inhorresco aduentus folium seu uiridis rubus dimoueo lacerta et cor et genu tremo,1
126_1_23_127,atqui non ego tu tigris ut asper gaetulus ue leo frango persequor tandem desino mater tempestiuus sequor uir,1
127_1_24_128,quis desiderium sum pudor aut modus tam carus caput,1
128_1_24_129,praecipio lugubris cantus melpomene qui liquidus pater uox cum cithara do,1
129_1_24_130,ergo quintilius perpetuus sopor urgeo qui pudor et iustitia soror incorruptus fides nudus que ueritas quando ullus inuenio par,1
130_1_24_131,multus ille boni flebilis occido nullus flebilis quam tu uergilius,1
131_1_24_132,tu frustra pius heu non ita credo posco quintilius deus,1
132_1_24_133,quis,1
133_1_24_134,si threicius blande orpheus audio moderor arbor fides num uanus redeo sanguis imago qui uirga semel horridus non lenis prex fatum recludo niger compello mercurius grex,0
134_1_24_135,durus sed leuis fio patientia quisquis corrigo sum nefas,0
135_1_25_136,parce iungo quatio fenestra iactus creber iuuenis proteruus nec tu somnus adimo amo que ianua limen qui prius multum facilis moueo cardo,1
136_1_25_137,audio parum et parum iam ego tuus longus pereo nox lydia dormio,1
137_1_25_138,inuicem # moechus anus arrogans fleo in solus leuis angiportus thracius bacchor magis sub # interlunium uentus cum tu flagrans amor et libido qui soleo mater furio equus saeuio circa iecur ulcerosus non sine questus laetus quod pubes hedera uirens gaudeo pullus magis atque myrtus aridus frons hiems sodalis dedico eurus,0
138_1_26_139,musa amicus tristitia et metus trado proteruus in mare creticus porto uentus quis sub arctus rex gelidus metuo ora quis tiridates terreo unice securus,0
139_1_26_140,o qui fons integer gaudeo apricus necto flos necto meus lamia corona pimpleis dulcis,1
140_1_26_141,nihil sine tu meus prosum honor hic fides nouus hic lesbius sacro plectrum tu que tuus que decet soror,1
141_1_27_142,natus in usus laetitia scyphus pugno thraces sum tollo barbarus mos uerecundus que bacchus sanguineus prohibeo rixa,1
142_1_27_143,uinum et lucerna medus acinaces immanis quantum discrepo impius lenio clamor sodalis et cubitum remaneo premo,1
143_1_27_144,uolo seuerus ego quoque sumo pars falernum,1
144_1_27_145,dico opuntius frater megylla quis beatus uulnus quis pereo sagitta,1
145_1_27_146,cesso uoluntas,1
146_1_27_147,non alius bibo merces,1
147_1_27_148,qui tu cumque domo uenus non erubesco aduro ignis ingenuus que semper amor pecco,1
148_1_27_149,quisquis habeo age depono tutus auris,1
149_1_27_150,ah miser quantus laboro charybdis dignus puer bonus flamma,1
150_1_27_151,quis saga quis tu soluo thessalus magus uenenum quis possum deus,0
151_1_27_152,uix illigo tu triformis pegasus expedio chimaera,1
152_1_28_153,tu mare et terra numerus que careo arena mensor cohibeo archytas puluis exiguus prope litus paruus matinus munus nec quisquam tu prosum aerius tento domus animus que rotundus percurro polus morior,1
153_1_28_154,occido et pelops genitor conuiua deus tithonus que remoueo in aura et iuppiter arcanum minos admitto habeo que tartara panthoides iterum orcus demitto quamuis clipeus troianus refigo tempus testor nihil ultra neruus atque cutis mors concedo ater iudex tu non sordidus auctor natura uerum que,1
154_1_28_155,sed omnis unus maneo nox et calco semel uia letum,1
155_1_28_156,do alius furia toruus spectaculum mars exitium sum auidus mare nauta misceo senex ac iuuenis denseo funus nullus saeuus caput proserpina fugio,0
156_1_28_157,ego quoque deuexus rapidus comes orion illyricus notus obruo unda,1
157_1_28_158,at tu nauta uagus ne parco malignus arena os et caput inhumatus particula do sic quicumque minor eurus fluctus hesperius uenusinus plecto silua tu sospes multus que merces unde possum tu defluo aequus ab iuppiter neptunus que sacer custos tarentum,1
158_1_28_159,negligo immeritus noceo postmodo tu nascor fraus committo,1
159_1_28_160,fors et debeo ius uicis que superbus tu maneo ipse prex non linquo inultus tu que piaculum nullus resoluo,0
160_1_28_161,quamquam festino non sum mora longus licet inicio ter puluis curro,1
161_1_29_162,iccius beatus nunc arabes inuideo gaza et acer militia paro non ante deuinco sabaea rex horribilis que medus necto catena,1
162_1_29_163,quis tu uirgo sponsus neco barbarus seruio puer quis ex aula capillus ad cyathus statuo ungo doceo sagitta tendo sericus arcus paternus,1
163_1_29_164,quis nego arduus pronus relabor possum riuus mons et tiberis reuertor cum tu coemo undique nobilis liber panaetius socraticus et domus muto lorica iberus polliceor bonus tendo,1
164_1_30_165,o uenus regina cnidus paphus que sperno diligo cyprus et uoco tus tu multus glycera decorus transfero in aedes,1
165_1_30_166,feruidus tu cum puer et solutus gratia zona propero que nympha et parum comis sine tu iuuentas mercurius que,1
166_1_31_167,quis dedico posco apollo uates,1
167_1_31_168,quis oro de patera nouus fundo liquor,1
168_1_31_169,non opimus sardinia seges ferax non aestuosus gratus calabria armentum non aurum aut ebur indicus non rus qui liris quietus mordeo aqua taciturnus amnis,1
169_1_31_170,premo calenus falx qui do fortuna uitis diues ut aureus mercator exsicco culullus uinum syrus reparo merx deus carus ipse quippe ter et quater annus reuiso aequor atlanticus impune,1
170_1_31_171,ego pasco oliua ego cichorium leuis que malua,1
171_1_31_172,fruor paratus et ualidus ego latous dono et precor integer cum mens nec turpis senecta dego nec cithara careo,1
172_1_32_173,poscimus si quis uacuus sub umbra ludo tu cum qui et hic in annus uiuo et multus age dico latinus barbitos carmen lesbius primum modulor ciuis qui ferox bellum tamen inter arma siue iacto religo udus litus nauis liber et musa uenus que et ille semper haereo puer cano et lycus niger oculus niger que crinis decorus,1
173_1_32_174,o decus phoebus et daps superus gratus testudo iuppiter o labor dulcis lenimen ego cumque salueo rite uoco,1
174_1_33_175,albius ne doleo multum nimium memor immitis glycera neue miserabilis decanto elegi cur tu iuuenis laedo praeniteo fides,1
175_1_33_176,insignis tenuis frons lycoris cyrus torreo amor cyrus in asper declino pholoe sed # apulus iungo caprea lupus priusquam turpis pholoe pecco adulter,1
176_1_33_177,sic uideo uenus qui placeo impar forma atque animus sub iugum aeneus saeuus mitto cum iocus,0
177_1_33_178,ipse ego bonus cum peto uenus gratus detineo compes myrtale libertina fretum acer hadria curuo calaber sinus,1
178_1_34_179,parcus deus cultor et infrequens insanio dum sapientia consultus erro nunc retrorsum uelum do atque itero cursus cogo relinquo,1
179_1_34_180,namque diespiter ignis coruscus nubilum diuido plerumque per purus tono ago equus uolucer que currus qui brutus tellus et uagus flumen qui styx et inuisus horridus taenarus sedes atlanteus que finis concutio,0
180_1_34_181,ualeo imum summum muto et insignis attenuo deus obscurum promo hinc apex rapax fortuna cum stridor acutus tollo hic pono gaudeo,1
181_1_35_182,o diua gratus qui rego antium praesens uel inferus tollo de gradus mortalis corpus uel superbus uerto funus triumphus tu pauper ambio sollicitus prex rus colonus tu domina aequor quicumque bithynus lacesso carpathius pelagus carina tu dacus asper tu profugus scythae urbs que gens que et latium ferox rex que mater barbarus et purpureus metuo tyrannus iniuriosus ne pes proruo sto columna neue populus frequens ad arma cesso ad arma concito imperium que frango,0
182_1_35_183,tu semper anteeo saeuus necessitas clauus trabalis et cuneus manus gesto aenus nec seuerus uncus absum liquidus que plumbum tu spes et albus rarus fides colo uelo pannus nec comes abnego utcumque muto potens uestis domus inimicus linquo at uulgus infidus et meretrix retro periurus cedo diffugio cadus cum faex sicco amicus fero iugum pariter dolosus seruo eo caesar in ultimus orbis britanni et iuuenis recens examen eous timeo pars oceanus que ruber,1
183_1_35_184,heu heu cicatrix et scelus pudeo frater que,0
184_1_35_185,quis nos durus refugio aetas,0
185_1_35_186,quis intactus nefastum linquo,1
186_1_35_187,unde manus iuuentus metus deus contineo,0
187_1_35_188,quis parco ara,1
188_1_35_189,o utinam nouus incus diffingo retusus in massagetae arabes que ferrum,1
189_1_36_190,et tus et fides iuuo placo et uitulus sanguis debeo custos numida deus qui nunc hesperia sospes ab ultimus carus multus sodalis nullus multus tamen diuido osculum quam dulcis lamia memor ago non alius rex pueritia muto que simul toga,1
190_1_36_191,cressus ne careo pulcher dies nota neue promo modus amphora neue mos in salius sum requies pes neue multus damalis merum bassus threicius uinco amystis neue desum epulae rosa neue uiuax apium neue breuis lilium,1
191_1_36_192,omnis in damalis putris depono oculus nec damalis nouus diuello adulter lasciuus hedera ambitiosus,0
192_1_37_193,nunc sum bibo nunc pes liber pulso tellus nunc saliaris orno puluinar deus tempus sum daps sodalis,1
193_1_37_194,antehac nefas depromo caecubum cella auitus dum capitolium regina demens ruina funus et imperium paro contamino cum grex turpis morbus uir quilibet impotens spero fortuna que dulcis ebrius,0
194_1_37_195,sed minuo furor uix unus sospes nauis ab ignis mens que lympho mareoticum redigo in uerus timor caesar ab italia uolo remus adurgeo accipiter uelut mollis columba aut lepus citus uenator in campus niualis haemonia do ut catena fatalis monstrum qui generose pereo quaero nec muliebriter expauesco ensis nec lateo classis citus reparo ora audeo et iaceo uiso regia uultus serenus fortis et asper tracto serpens ut ater corpus combibo uenenum delibero mors ferox saeuus liburni scilicet inuideo priuatus deduco superbus non humilis mulier triumphus,0
195_1_38_196,persicus odi puer apparatus displiceo necto philyra corona mitto sector rosa quis locus serus moror,1
196_1_38_197,simplex myrtus nihil allaboro sedulus curo neque tu minister dedecet myrtus neque ego sub artus uitis bibo,1
197_2_1_198,motus ex metellus consul ciuicus bellum que causa et uitium et modus ludus que fortuna grauis que princeps amicitia et arma nondum expio ungo cruor periculosus plenus opus alea tracto et incedo per ignis suppono cinis dolosus,1
198_2_1_199,paulum seuerus musa tragoedia desum theatrum mox ubi publicus res ordino grandis munus cecropius repeto cothurnus insignis maestus praesidium reus et consulo pollio curia qui laurus aeternus honor dalmaticus pario triumphus,1
199_2_1_200,iam nunc minax murmur cornu perstringo auris iam lituus strepo iam fulgor arma fugax terreo equus eques que uultus,1
200_2_1_201,audio magnus iam uideo dux non indecorus puluis sordidus et cunctus terra subigo praeter atrox animus cato,0
201_2_1_202,iuno et deus quisquis amicus afri inultus cedo impotens tellus uictor nepos refero inferiae iugurtha,0
202_2_1_203,quis non latinus sanguis pinguis campus sepulcrum impius proelium testor audio que medi hesperius sonitus ruina,0
203_2_1_204,quis gurges aut quis flumen lugubris ignarus bellum,0
204_2_1_205,quis mare daunius non decoloro caedes,0
205_2_1_206,quis careo ora cruor noster,1
206_2_1_207,sed ne relinquo musa procax iocus ceus retracto munus nenia ego cum dionaeus sub antrum quaero modus leuis plectrum,1
207_2_2_208,nullus argentum color sum auarus abdo terra inimicus lamina crispus sallustius nisi temperatus splendeo usus,0
208_2_2_209,uiuo extendo proculeius aeuum notus in frater animus paternus ille ago penna metuo soluo fama superstes,1
209_2_2_210,late regno auidus domo spiritus quam si libya remotus gades iungo et uterque poenus seruio unus cresco indulgens sui dirus hydrops nec sitis pello nisi causa morbus fugio uena et aquosus albus corpus languor,0
210_2_2_211,reddo cyrus solium phraates dissideo plebs numerus beatus eximo uirtus populus que falsus dedoceo utor uox regnum et diadema tutus defero unus proprius que laurus quisquis ingens oculus irretortus specto aceruus,1
211_2_3_212,aequus memini res in arduus seruo mens non secus in bonus ab insolens temperatus laetitia morior dellius seu maestus omnis tempus uiuo seu tu in remotus gramen per dies festus reclino beo interior nota falernum,1
212_2_3_213,quo pinus ingens albus que populus umbra hospitalis consocio amo ramus,0
213_2_3_214,quis obliquus laboro lympha fugax trepido riuus,1
214_2_3_215,huc uinum et unguentum et nimium breuis flos amoenus fero iubeo rosa dum res et aetas et soror filum tres patior ater,1
215_2_3_216,cedo coemo saltus et domus uilla que flauus qui tiberis lauo cedo et exstruo in altum diuitiae potior heres,1
216_2_3_217,diues ne priscus nascor ab inachus nihil intersum an pauper et inferus de gens sub diuum moror uictima nihil miseror orcus omnis eodem cogo omnis uerso urna sero ociter sors exeo et nos in aeternus exsilium impono cymba,1
217_2_4_218,ne sum ancilla tu amor pudor xanthias phoceus prius insolens serua briseis niueus color moueo achilles moueo aiax telamon nascor forma captiua dominus tecmessa ardeo atrides medius in triumphus uirgo rapio barbarus postquam cado turma thessalus uictor et adimo hector trado fessus leuis tollo pergama graii,0
218_2_4_219,nescio an tu gener beatus phyllis flauus decoro parens regius certe genus et penates maereo iniquus,1
219_2_4_220,credo non ille tu de scelestus plebs deligo neque sic fidelis sic lucrum auersus possum nascor mater pudendus,1
220_2_4_221,brachium et uultus teres que sura integer laudo fugio suspicor qui octauus trepido aetas claudo lustrum,1
221_2_5_222,nondum subigo fero iugum ualeo ceruix nondum munia compar aequo nec taurus ruo in uenus tolero pondus,1
222_2_5_223,circa uirens sum animus tuus campus iuuenca nunc fluuius grauis solor aestus nunc in udus ludo cum uitulus salictum praegestio,1
223_2_5_224,tollo cupido immitis uua iam tu liuidus distinguo autumnus racemus purpureus uarius color,1
224_2_5_225,iam tu sequor curro enim ferox aetas et ille qui tu demo appono annus iam proteruus frons peto lalage maritus diligo quantum non pholoe fugax non chloris albus sic humerus niteo ut purus nocturnus renideo luna mare cnidius ue gyges qui si puella insero chorus mire sagax fallo hospes discrimen obscurus solutus crinis ambiguus que uultus,0
225_2_6_226,septimius gades adeo ego cum et cantaber indoctus iugum fero noster et barbarus syrtis ubi maurus semper aestuo unda tibur argeus pono colonus sum meus sedes utinam senecta sum modus lassus mare et uia militia que,1
226_2_6_227,unde si parca prohibeo iniquus dulcis pellitus ouis galaesus flumen et regno peto lacon rus phalanthus,1
227_2_6_228,ille terra ego praeter omnis angulus rideo ubi non hymettus mel decedo uiridis que certo bacca uenafrum uer ubi longus tepidus que praebeo iuppiter bruma et amicus aulon fertilis bacchus minimum falernus inuideo uua,1
228_2_6_229,ille tu ego cum locus et beatus postulo arx ibi tu caleo debeo spargo lacrima fauilla uates amicus,1
229_2_7_230,o saepe ego cum tempus in ultimus deduco brutus militia dux quis tu redono quiris deus patrius italus que caelum pompeius meus primus sodalis cum qui moror saepe dies merum frango corono nitens malobathron syrius capillus,1
230_2_7_231,tu cum philippi et celer fuga sentio relinquo non bene parmula cum frango uirtus et minax turpis solum tango mentum sed ego per hostis mercurius celer densus paueo tollo aer tu rursus in bellum resorbeo unda fretum fero aestuosus,1
231_2_7_232,ergo obligo reddo iuppiter daps longus que fessus militia latus depono sub laurus meus nec parco cadus tu destino,1
232_2_7_233,obliuiosus leuis massicum ciborium expleo fundo capax unguentum de concha,1
233_2_7_234,quis udus depropero apium corona curo ue myrtus,1
234_2_7_235,quis uenus arbiter dico bibo,1
235_2_7_236,non ego sane bacchor edoni recipio dulcis ego furo sum amicus,1
236_2_8_237,ullus si ius tu peiero poena barine noceo umquam dens si niger fio uel unus turpis unguis credo sed tu simul obligo perfidus uotum caput enitesco pulcher multo iuuenis que prodeo publicus cura,1
237_2_8_238,expedio mater cinis operio fallo et totus taciturnus nox signum cum caelum gelidus que diuus mors careo,0
238_2_8_239,rideo hic inquio uenus ipse rideo simplex nympha ferus et cupido semper ardens acuo sagitta cos cruentus,1
239_2_8_240,addo quod pubes tu cresco omnis seruitus cresco nouus nec prior impius tectum domina relinquo saepe minor,1
240_2_8_241,tu suus mater metuo iuuencus tu senex parcus miser que nuper uirgo nubo tuus ne retardo aura maritus,1
241_2_9_242,non semper imber nubes hispidus mano in ager aut mare caspius uexo inaequalis procella usque nec armenius in ora amicus ualgius sto glacies iners mensis per omnis aut aquilo querquetum garganus laboro et folium uiduo ornus tu semper urgeo flebilis modus mystes adimo nec tu uesper surgo decedo amor nec rapidus fugio sol,1
242_2_9_243,at non ter aeuum fungor amabilis ploro omnis antilochus senex annus nec impubes parens troilus aut phrygius soror fleo semper,1
243_2_9_244,desino mollis tandem querela et potius nouus canto augustus tropaeum caesar et rigidus niphates medus que flumen gens addo uinco paruus uoluo uertex intra que praescriptum geloni exiguus equito campus,1
244_2_10_245,recte uiuo licinius neque altum semper urgeo neque dum procella cautus horresco nimium premo litus iniquus,0
245_2_10_246,aureus quisquis mediocritas diligo tutus careo obsoletus sordes tectum careo inuideo sobrius aula,0
246_2_10_247,saepe uentus agito ingens pinus et celsus grauis casus decido turris ferio que superus fulgur mons,0
247_2_10_248,spero infestus metuo secundus alter sors bene praeparatus pectus informis hiems reduco iuppiter idem submoueo non si male nunc et olim sic sum quondam cithara taceo suscito musa neque semper arcus tendo apollo,0
248_2_10_249,res angustus animosus atque fortis appareo sapienter idem contraho uentus nimium secundus turgidus uelum,1
249_2_11_250,quis bellicosus cantaber et scythes hirpinus quinctius cogito hadria diuido obicio remitto quaero nec trepido in usus posco aeuum paucus,1
250_2_11_251,fugio retro leuis iuuentas et decor aridus pello lasciuus amor canities facilis que somnus non semper idem flos sum honor uernus neque unus luna rubens niteo uultus quis aeternus paruus consilium animus fatigo,1
251_2_11_252,cur non sub altus uel platanus uel hic pinus iaceo sic temere et rosa canus odoro capillus dum licet assyrius que nardus poto ungo,1
252_2_11_253,dissipo euhius cura edax,1
253_2_11_254,quis puer ociter restinguo ardens falernum poculum praetereo lympha,1
254_2_11_255,quis deuius scortum elicio domus lyde,1
255_2_11_256,eburneus dico age cum lyra maturo in como lacaena mos coma religo nodus,1
256_2_12_257,nolo longus ferus bellum numantia nec durus hannibal nec siculus mare poenus purpureus sanguis mollis apto cithara modus nec saeuus lapithae et nimius merum hylaeus domo que herculeus manus tellus iuuenis unde periculum fulgens contremo domus saturnus uetus tu que pedester dico historia proelium caesar maecenas bene duco que per uia rex collum minax,0
257_2_12_258,ego dulcis domina musa licymnia cantus ego uolo dico lucidum fulgens oculus et bene mutuus fidus pectus amor qui nec fero pes dedecet chorus nec certo iocus nec do brachium ludo nitidus uirgo sacer diana celeber dies,1
258_2_12_259,num tu qui teneo diues achaemenes aut pinguis phrygia mygdonius ops permuto uolo crinis licymnia plenus aut arabes domus cum flagro detorqueo ad osculum ceruix aut facilis saeuitia nego qui posco magis gaudeo eripio interdum rapio occupo,1
259_2_13_260,ille et nefastus tu pono dies quicumque primum et sacrilegus manus produco arbor in nepos pernicies opprobrium que pagus ille et parens credo suus frango ceruix et penetrale spargo nocturnus cruor hospes ille uenenum colchus et quisquis usquam concipio nefas tracto ager qui statuo meus tu tristis lignum tu caducus in dominus caput immerens,0
260_2_13_261,quis quisque uito numquam homo satis caueo _sum in hora,1
261_2_13_262,nauta bosporus poenus perhorresco neque ultra caecus timeo aliunde fatum miles sagitta et celer fuga parthus catena parthus et italus robur sed improuisus letum uis rapio rapio que gens,0
262_2_13_263,quam paene furuus regnum proserpina et iudico uideo aeacus sedes que discerno pius et aeolius fides queror sappho puella de popularis et tu sono plene aureus alcaeus plectrum durus nauis durus fuga malum durus bellum,0
263_2_13_264,uterque sacer dignus silentium miror umbra dico sed magis pugna et exigo tyrannus densus humerus bibo auris uulgus,1
264_2_13_265,quis mirus ubi ille carmen stupeo demitto ater bellua centiceps auris et intorqueo capillus eumenides recreo anguis,1
265_2_13_266,quin et prometheus et pelops parens dulcis labor decipio sonus nec curo orion leo aut timidus agito lynx,1
266_2_14_267,eheu fugax postumus postumus labor annus nec pietas mora ruga et insto senecta affero indomitus que mors non si trecenus quotquot eo dies amicus placo illacrimabilis pluton taurus qui ter amplus geryon tityus que tristis compesco unda scilicet omnis quicumque terra munus uescor enauigo siue rex siue inops sum colonus,0
267_2_14_268,frustra cruentus mars careo frango que raucus fluctus hadria frustra per autumnus noceo corpus metuo auster uiso ater flumen languidus cocytus erro et danaus genus infamis damno que longus sisyphus aeolides labor linquo tellus et domus et placeo uxor neque hic qui colo arbor tu praeter inuisus cupressus ullus breuis dominus sequor,0
268_2_14_269,absumo heres caecubum dignus seruo centum clauis et merum tingo pauimentum superbus pontifex potis cena,0
269_2_15_270,iam paucus aratrum iugerum regius moles relinquo undique late extentus uiso lucrinus stagnum lacus platanus que caelebs euinco ulmus,1
270_2_15_271,tum uiolarium et myrtus et omnis copia naris spargo oliuetum odor fertilis dominus prior tum spissus ramus laurea feruidus excludo ictus,1
271_2_15_272,non ita romulus praescribo et intonsus cato auspicium ueteres que norma priuatus ille census sum breuis communis magnus nullus decempeda meto priuatus opacus porticus excipio arctus nec fortuitus sperno caespes lex sino oppidum publicus sumptus iubeo et deus templum nouus decoro saxum,1
272_2_16_273,otium diuus rogo in patens prehendo aegaeum simul ater nubes condo luna neque certus fulgeo sidus nauta otium bellum furiosus thraca otium medi pharetra decorus grosphus non gemma neque purpura # uenalis neque aurum,1
273_2_16_274,non enim gaza neque consularis submoueo lictor miser tumultus mens et cura laqueo circum tectum uolo,1
274_2_16_275,uiuo paruum bene qui paternus splendeo in mensa tenuis salinum nec leuis somnus timor aut cupido sordidus aufero,0
275_2_16_276,quis breuis fortis iaculor aeuum multus,1
276_2_16_277,quis terra alius caleo sol muto,1
277_2_16_278,patria quis exsul sui quoque fugio,0
278_2_16_279,scando aeratus uitiosus nauis cura nec turma eques relinquo ocior ceruus et ago nimbus ocior eurus,1
279_2_16_280,laetus in praesens animus qui ultra sum odi curo et amara lentus tempero risus nihil sum ab omnis pars beatus,1
280_2_16_281,aufero clarus citus mors achilles longus tithonus minuo senectus et ego forsan tu qui nego porrigo hora,0
281_2_16_282,tu grex centum siculus que # circummugio uacca tu tollo hinnitus aptus quadriga equa tu bis afer murex tingo uestio lana ego paruus rus et spiritus graius tenuis camena parca non mendax do et malignus sperno uulgus,0
282_2_17_283,cur ego querela exanimo tuus,0
283_2_17_284,nec deus amicus sum nec ego tu prius obeo maecenas meus grandis decus columen que res,1
284_2_17_285,ah tu meus si pars anima rapio maturus uis quis moror alter nec carus aeque nec superstes integer,1
285_2_17_286,ille dies uterque duco ruina,1
286_2_17_287,non ego perfidus dico sacramentum eo eo utcumque praecedo superus carpo iter comes paratus,0
287_2_17_288,ego nec chimaera spiritus igneus nec si resurgo centimanus gyges diuello umquam sic potens iustitia placeo que parca,1
288_2_17_289,seu libra seu ego scorpius aspicio formidolosus pars uiolentus natalis hora seu tyrannus hesperius capricornus unda uterque nos incredibilis modus consentio astrum tu iuppiter impius tutela saturnus refulgeo eripio uolucer que fatum tardo ala cum populus frequens laetus theatrum ter crepo sonus ego truncus illabor cerebrum tollo nisi faunus ictus dextera leuo mercurialis custos uir,1
289_2_17_290,reddo uictima aedes que uotiuus memini nos humilis ferio agna,1
290_2_18_291,non ebur neque aureus meus renideo in domus lacunar non trabs hymettius premo columna ultimus recido africa neque attalus ignotus heres regia occupo nec laconicus ego traho honestus purpura clienta,1
291_2_18_292,at fides et ingenium benignus uena sum pauper que diues ego peto nihil supra deus lacesso nec potens amicus largus flagito satis beatus unicus sabinus,1
292_2_18_293,trudo dies dies nouus que pergo intereo luna tu seco marmor loco sub ipse funus et sepulcrum immemor struo domus mare que baiae obstrepo urgeo submoueo litus parum locuples continens ripa quis quod usque propior reuello ager terminus et ultra limes cliens salio auarus,0
293_2_18_294,pello paternus in sinus fero deus et uxor et uir sordidus que natus,1
294_2_18_295,nullus certus tamen rapax orcus finis destinatus aula diues maneo herus,1
295_2_18_296,quis ultra tendo,1
296_2_18_297,aequus tellus pauper recludo rex que puer nec satelles orcus callidus prometheus reueho aurum capio,1
297_2_18_298,hic superbus tantalus atque tantalus genus coerceo hic leuo fungor pauper labor uoco atque non uoco audio,0
298_2_19_299,bacchus in remotus carmen rupes uideo doceo credo posteri nympha que disco et auris capripes satyrus acutus,1
299_2_19_300,euoe recens mens trepido metus plenus que bacchus pectus turbidum laetor euoe parco liber parco grauis metuo thyrsus,1
300_2_19_301,fas peruicax sum ego thyas uinum que fons lac et uber canto riuus atque truncus labor cauus itero mel fas et beatus coniux addo stella honor tectum que pentheus disicio non lenis ruina thrax et exitium lycurgus,1
301_2_19_302,tu flecto amnis tu mare barbarus tu separatus uuidus in iugum nodus coerceo uiperinus bistonides sine fraus crinis,1
302_2_19_303,tu cum parens regnum per arduum cohors gigas scando impius rhoetus retorqueo leo unguis horribilis que mala quamquam chorea aptus et iocus ludus que dico non satis idoneus pugna fero sed idem pax sum medius que bellum,1
303_2_19_304,tu uideo insons cerberus aureus cornu decorus leniter attero cauda et recedo trilinguis os pes tango que crus,1
304_2_20_305,non usitatus nec tenuis fero penna biformis per liquidus aether uates neque in terra moror longe inuidia que magnus urbs relinquo,1
305_2_20_306,non ego pauper sanguis parens non ego qui uoco dilectus maecenas obeo nec stygius cohibeo unda,1
306_2_20_307,iamiam # resido crus asper pellis et albus muto in ales superne nascor que leuis per digitus humerus que pluma,1
307_2_20_308,iam daedaleus notus icarus uiso gemo litus bosporus syrtis que gaetulus canorus ales hyperboreus que campus ego colchus et qui dissimulo metus marsus cohors dacus et ultimus nosco geloni ego peritus disco iber rhodanus que potor,1
308_2_20_309,absum inanis funus nenia luctus que turpis et querimonia compesco clamor ac sepulcrum mitto superuacuus honor,0
309_3_1_310,odi profanus uulgus et arceo,1
310_3_1_311,faueo lingua carmen non prius audio musa sacerdos uirgo puer que canto,1
311_3_1_312,rex timeo in proprius grex rex in ipse imperium sum iuppiter clarus giganteus triumphus cunctus supercilium moueo,1
312_3_1_313,sum ut uir uir late ordino arbustum sulcus hic generosus descendo in campus petitor mos hic bonus que fama contendo ille turba cliens sum magnus aequus lex necessitas sortior insignis et inferus omnis capax moueo urna nomen,1
313_3_1_314,destringo ensis qui super impius ceruix pendeo non siculus daps dulcis elaboro sapor non auis cithara que cantus somnus reduco somnus agrestis lenis uir non humilis domus fastidio umbrosus que ripa non zephyrus agito tempe,1
314_3_1_315,desidero qui satis sum neque tumultuosus sollicito mare nec saeuus arcturus cado impetus aut orior haedus non uerbero grando uinea fundus que mendax arbor nunc aqua culpo nunc torreo ager sidus nunc hiems iniquus,0
315_3_1_316,contraho piscis aequor sentio iacio in altum moles huc frequens caementum demitto redemptor cum famulus dominus que terra fastidiosus sed timor et minae scando eodem quo dominus neque decedo aeratus triremis et post eques sedeo ater cura,0
316_3_1_317,quod si doleo nec phrygius lapis nec purpura sidus clarus delenio usus nec falernus uitis achaemenius que costum cur inuideo postis et nouus sublimis ritus molior atrium,1
317_3_1_318,cur uallis permuto sabinus diuitiae operosus,1
318_3_2_319,angustus amice pauperies patior robustus acer militia puer condisco et parthi ferox uexo eques metuo hasta uita que sub diuum et trepidus ago in res,0
319_3_2_320,ille ex moenia hosticus matrona bello tyrannus prospicio et adultus uirgo suspiro eheu ne rudis agmen sponsus lacesso regius asper tango leo qui cruentus per medius rapio ira caedes,0
320_3_2_321,dulcis et decorus sum pro patria morior mors et fugax persequor uir nec parco imbellis iuuenta poples timidus que tergum,0
321_3_2_322,uirtus repulsa nescius sordidus intaminatus fulgeo honor nec sumo aut pono securis arbitrium popularis aura uirtus recludo immeritus morior caelum nego tento iter uia coetus que uulgaris et udus sperno humus fugio penna,1
322_3_2_323,sum et fidelis tutus silentium merces ueto qui ceres sacrum uulgo arcanus sub idem sum trabs fragilis que ego cum soluo phaselus saepe diespiter negligo incestus addo integer raro antecedo scelestus desero pes poena claudus,1
323_3_3_324,iustus et tenax propositum uir non ciuis ardor prauus iubeo non uultus insto tyrannus mens quatio solidus neque auster dux inquietus turbidus hadria nec fulmino magnus manus iuppiter si frango illabor orbis impauidus ferio ruina,1
324_3_3_325,hic ars pollux et uagus hercules enitor arx attingo igneus qui inter augustus recumbo purpureus bibo os nectar hic tu mereor bacchus pater tuus ueho tigris indocilis iugum collum traho hic quirinus mars equus acheron fugio gratus eloquor consilior iuno diuus ilium ilium fatalis incestus que iudex et mulier peregrinus uerto in puluis ex qui destituo deus merces paciscor laomedon ego castus que damno minerua cum populus et dux fraudulentus,1
325_3_3_326,iam nec lacaena splendeo adulter famosus hospes nec priamus domus periurus pugnax achiui hectoreus ops refringo noster que duco seditio bellum resido protinus et grauis ira et inuisus nepos troicus qui pario sacerdos mars redono,0
326_3_3_327,ille ego lucidus ineo sedes disco nectar sucus et ascribo quietus ordo patior deus,1
327_3_3_328,dum longus inter saeuio ilium roma que pontus quilibet exsul in pars regno beatus dum priamus paris que bustum insulto armentum et catulus fera celo inultus sto capitolium fulgeo triumpho que possum roma ferox do ius medi,1
328_3_3_329,horrendus late nomen in ultimus extendo ora qua medius liquor secerno europa ab afer qua tumidus rigo aruum nilus,0
329_3_3_330,aurum irrepertus et sic bene situs cum terra celo sperno fortis quam cogo humanus in usus omnis sacrum rapio dextera quicumque mundus terminus obsto hic tango arma uiso gestio quis pars debacchor ignis quis nebula pluuius que ros,1
330_3_3_331,sed bellicosus fatum quiris hic lex dico ne nimium pius res que fido auitus tectum uolo reparo troia,1
331_3_3_332,troia renascor ales lugubris fortuna tristis clades itero duco uictrix caterua coniux ego iuppiter et soror,1
332_3_3_333,ter si resurgo murus aeneus auctor phoebus ter pereo meus excido argiui ter uxor capio uir puer que ploro,1
333_3_3_334,non hic iocosus conuenio lyra,1
334_3_3_335,quo musa tendo,1
335_3_3_336,desino peruicax refero sermo deus et magnus modus tenuo paruus,1
336_3_4_337,descendo caelum et dico age tibia regina longus calliope melos seu uox nunc malo acutus seu fides cithara ue phoebus,1
337_3_4_338,audio,1
338_3_4_339,an ego ludo amabilis insania,1
339_3_4_340,audio et uideo pius erro per lucus amoenus qui et aqua subeo et aura,1
340_3_4_341,ego fabulosus uultur in apulus nutrix extra limen pullia ludus fatigo que somnus frons nouus puer palumbes tego mirus qui sum omnis quicumque celsus nidus acheruntia saltus que bantinus et aruum pinguis teneo humilis ferentum ut tutus ab ater corpus uipera dormio et ursus ut premo sacer laurus que confero que myrtus non sine deus animosus infans,1
341_3_4_342,uester camenae uester in arduus tollo sabini seu ego frigidus praeneste seu tibur supinus seu liquidus placeo baiae,1
342_3_4_343,uester amicus fons et chorus non ego philippi uerto acies retro deuotus non exstinguo arbor nec siculus palinurus unda,1
343_3_4_344,utcumque ego cum uos sum libens insanio nauta bosporus tento et uro arena litus assyrius uiator uiso britanni hospes ferus et laetus equinus sanguis concanus uiso pharetratus geloni et scythicus inuiolatus amnis,1
344_3_4_345,uos caesar altus militia simul fessus cohors abdo oppidum finio quaero labor pierius recreo antrum uos lenis consilium et do et do gaudeo almus,1
345_3_4_346,scio ut impius titan immanis que turba fulmen tollo caducus qui terra iners qui mare tempero uentosus et urbs regnum que tristis diuus que mortalis que turma imperium rego unus aequus,1
346_3_4_347,magnus ille terror infero iuppiter fido iuuentus horridus brachium frater que tendo opacus pelion impono olympus,0
347_3_4_348,sed quis typhoeus et ualidus mimas aut quis minax porphyrion status quis rhoetus euello que truncus enceladus iaculator audax contra sono pallas aegis possum ruo,1
348_3_4_349,hinc auidus sto uulcanus hinc matrona iuno et numquam humerus pono arcus qui ros purus castalia lauo crinis solutus qui lycia teneo dumetum natalis que silua delius et patareus apollo,1
349_3_4_350,uis consilium expers moles ruo suus uis temperatus deus quoque proueho in magnus idem odi uis omnis nefas animus moueo,1
350_3_4_351,testis meus centimanus gyges sententia notus et integer temptator orion diana uirgineus domo sagitta,1
351_3_4_352,inicio monstrum terra doleo suus maereo que partus fulmen luridus mitto ad orcus nec peredo impono celer ignis aetna incontinens nec tityus iecur relinquo ales nequitia addo custos amator trecenti pirithous cohibeo catena,1
352_3_5_353,caelum tono credo iuppiter regno praesens diuus habeo augustus adicio britanni imperium grauis que persae,1
353_3_5_354,miles ne crassus coniux barbarus turpis maritus uiuo et hostis pro curia inuerto que mos consenesco socer in arma sub rex medus marsus et apulus ancile et nomen et toga obliuiscor aeternus que uesta incolumis iuppiter et urbs roma,1
354_3_5_355,hic caueo mens prouidus regulus dissentio condicio foedus et exemplum traho pernicies uenio in aeuum si non pereo immiserabilis captiuus pubes signum ego punicus affigo delubrum et arma miles sine caedes dico deripio uideo uideo ego ciuis retorqueo tergum brachium liber porta que non claudo et aruum mars colo populo noster,0
355_3_5_356,aurum rependo scilicet acer miles redeo flagitium addo damnum,0
356_3_5_357,neque amitto color lana refero medico fucus nec uerus uirtus cum semel excido curo repono deterior si pugno extrico densus cerua plaga sum ille fortis qui perfidus sui credo hostis et mars poeni protero alter qui lorum restringo lacertus sentio iners timeo que mors,1
357_3_5_358,hic unde uita sumo inscius pax duellum misceo o pudor o magnus carthago probrosus altus italia ruina,1
358_3_5_359,fero pudicus coniux osculum paruus que natus ut caput paruus ab sui remoueo et uirilis toruus humus pono uultus donec labo consilium pater firmo auctor numquam alias do inter que maereo amicus egregius propero exsul,1
359_3_5_360,atqui scio quis sui barbarus tortor paro non aliter tamen dimoueo obsto propinqui et populus reditus moror quam si cliens longus negotium diiudico lis relinquo tendo uenafranus in ager aut lacedaemonius tarentum,0
360_3_6_361,delictum maiores immeritus luo romanus donec templum reficio aedes que labor deus et foedus niger simulacrum fumus,0
361_3_6_362,deus tu paruus quod gero impero,1
362_3_6_363,hinc omnis principium huc refero exitus deus multus negligo do hesperia malum luctuosus,0
363_3_6_364,iam bis monaeses et pacorus manus inauspicatus contundo impetus noster et adicio praeda torquis exiguus renideo paene occupatus seditio deleo urbs dacus et aethiops hic classis formido ille missilis bonus sagitta,1
364_3_6_365,fecundus culpa saeculum nuptiae primum inquino et genus et domus hic fons deriuo clades in patria populus que fluo,1
365_3_6_366,motus doceo gaudeo ionicus maturus uirgo et fingo ars iam nunc et incestus amor de tener meditor unguis,1
366_3_6_367,mox iuuenis quaero adulter inter maritus uinum neque eligo quis dono impermissus raptim gaudium lumen remoueo sed iubeo coram non sine conscius surgo maritus seu uoco institor seu nauis hispanus magister dedecus pretiosus emptor,1
367_3_6_368,non hic iuuentus orior parens inficio aequor sanguis punicus pyrrhus que et ingens caedo antiochus hannibal que dirus sed rusticus masculus miles proles sabellus doctus ligo uerso gleba et seuerus mater ad arbitrium recido porto fustis sol ubi mons muto umbra et iugum demo bos fatigo amicus tempus ago abeo currus,0
368_3_6_369,damnosus quis non imminuo dies,1
369_3_6_370,aetas parens malus auus fero nos nequam mox do progenies uitiosus,0
370_3_7_371,quis fleo asteria qui tu candidus primus restituo uer fauonius thynus merx beatus constans iuuenis fides gyges,1
371_3_7_372,ille notus ago ad oricum post insanus capra sidus frigidus nox non sine multus insomnis lacrima ago,1
372_3_7_373,atqui sollicitus nuntius hospita suspiro chloe et miser tuus dico ignis uro tento mille uafer modus,1
373_3_7_374,ut proetus mulier perfidus credulus falsus impello crimen nimis castus bellerophontes maturo nex refero narro paene do peleus tartarus magnessus hippolyte dum fugio abstinens et pecco doceo fallax historia moueo frustra nam scopulus surdus icarus uox audio adhuc integer,0
374_3_7_375,at tu ne uicinus enipeus multum iustum placeo caueo quamuis non alius flecto equus scio aeque conspicio gramen martius nec quisquam citus aeque tuscus denato alueus,1
375_3_7_376,primus nox domus claudo neque in uia sub cantus querulus despicio tibia et tu saepe uoco durus difficilis maneo,0
376_3_8_377,martius caelebs quis ago kalendae quis uolo flos et acerra tus plenus miror pono que carbo in caespes uiuus doctus sermo uterque lingua uoueo dulcis epulae et albus liber caper prope funero arbor ictus,1
377_3_8_378,hic dies annus redeo festus cortex astringo pix dimoueo amphora fumus bibo instituo consul tullus,1
378_3_8_379,sumo maecenas cyathus amicus sospes centum et uigil lucerna perfero in lux procul omnis sum clamor et ira,1
379_3_8_380,mitto ciuilis super urbs cura occido dacus cotiso agmen medus infestus sui luctuosus dissideo arma seruio hispanus uetus hostis ora cantaber serus domo catena iam scythae laxus meditor arcus cedo campus,1
380_3_8_381,negligens ne qua populus laboro parco priuatus nimium caueo et donum praesens capio laetus hora linquo seuera,0
381_3_9_382,donec gratus sum tu nec quisquam potis brachium candidus ceruix iuuenis do persae uigeo rex beatus,1
382_3_9_383,donec non alius magis ardeo neque sum lydia post chloe multus lydia nomen romanus uigeo clarus ilia,1
383_3_9_384,ego nunc thraessus chloe rego dulcis doctus modus et cithara sciens pro qui non metuo morior si parco anima fatum superstes,1
384_3_9_385,ego torreo fax mutuus thurinus calais filius ornytus pro qui bis patior morior si parco puer fatum superstes,1
385_3_9_386,quis si priscus redeo uenus diduco que iugum cogo aeneus si flauus excutio chloe reicio que pateo ianua lydia,1
386_3_9_387,quamquam sidus pulcher ille sum tu leuis cortex et improbus iracundus hadria tu cum uiuo amo tu cum obeo libens,1
387_3_10_388,exter tanais si bibo lyca saeuus nubo uir ego tamen asper porrigo ante foris obicio incola ploro aquilo,1
388_3_10_389,audio quis strepitus ianua quis nemus inter pulcher sero tectum remugio uentus et pono ut glacio nix purus numen iuppiter,1
389_3_10_390,ingratus uenus pono superbia ne curro retro funis eo rota non tu penelope difficilis procus tyrrhenus gigno parens,0
390_3_10_391,o quamuis neque tu munus nec prex nec tingo uiola pallor amans nec uir pierius pellex saucius curuo supplex tuus parco nec rigidus mollis aesculus nec maurus animus mitis anguis non hic semper sum limen aut aqua caelestis patiens latus,1
391_3_11_392,mercurius nam tu docilis magister moueo amphion lapis cano tu que testudo resono septem callidus neruus nec loquax olim neque gratus nunc et diues mensa et amicus templum dico modus lyde qui obstinatus applico auris qui uelut latus equa trimus campus ludo exsultim metuo que tango nuptiae expers et adhuc proteruus crudus maritus,1
392_3_11_393,tu possum tigris comes que silua duco et riuus celer moror cedo immanis tu blandior ianitor aula cerberus quamuis furialis centum munio anguis caput is atque spiritus teter sanies que mano os trilinguis quin et ixion tityus que uultus rideo inuitus sto urna paulum siccus dum gratus danaus puella carmen mulceo,0
393_3_11_394,audio lyde scelus atque notus uirgo poena et inanis lympha dolium fundus pereo inferus serus que fatum qui maneo culpa etiam sub orcus impius nam quis possum magnus impius sponsus possum durus perdo ferrum,0
394_3_11_395,unus de multus fax nuptialis dignus periurus sum in parens splendide mendax et in omnis uirgo nobilis aeuum surgo qui dico iuuenis maritus surgo ne longus tu somnus unde non timeo do socer et scelestus fallo soror qui uelut nanciscor uitulus leaena singulus eheu lacero ego ille mollis nec tu ferio neque intra claustrum teneo,1
395_3_11_396,ego pater saeuus onero catena quod uir clemens miser parco ego uel exter numidae in ager classis relego eo pes quo tu rapio et aura dum faueo nox et uenus eo secundus omen et nos memor sepulcrum scalpo querela,1
396_3_12_397,miser sum neque amor do ludus neque dulcis malum uinum lauo aut exanimo metuo patruus uerber lingua,1
397_3_12_398,tu qualum cytherea puer ales tu tela operosus que minerua studium aufero neobule liparaeus nitor hebrus simul ungo tiberinus humerus lauo in unda eques ipse bonus bellerophontes neque pugnus neque segnis pes uinco catus idem per apertum fugio agito grex ceruus iaculor et celer artus latito fruticetum excipio aper,1
398_3_13_399,o fons bandusia splendidus uitrum dulcis dignus merum non sine flos cras dono haedus qui frons turgidus cornu primus et uenus et proelium destino frustra nam gelidus inficio tu ruber sanguis riuus lasciuus suboles grex,1
399_3_13_400,tu flagro atrox hora canicula nescio tango tu frigus amabilis fessus uomer taurus praebeo et pecus uagus,1
400_3_13_401,fio nobilis tu quoque fons ego dico cauus impono ilex saxum unde loquax lympha desilio tuus,1
401_3_14_402,hercules ritus modo dico o plebs mors uenalis peto laurus caesar hispanus repeto penates uictor ab ora,1
402_3_14_403,unicus gaudeo mulier maritus prodeo iustus operor sacrum et soror clarus dux et decorus supplex uitta uirgo mater iuuenis que nuper sospes uos o puer et puella iam uir experior male nomino parco uerbum,1
403_3_14_404,hic dies uere ego festus ater exigo cura ego nec tumultus nec morior per uis metuo teneo caesar terra,1
404_3_14_405,eo peto unguentum puer et corona et cadus marsus memor duellum spartacus si quis possum uagor fallo testa,1
405_3_14_406,dico et argutus propero neaera myrrheus nodus cohibeo crinis si per inuisus mora ianitor fio abeo,1
406_3_14_407,lenio albesco animus capillus lis et rixa cupidus proteruus non ego hic fero calidus iuuenta consul plancus,0
407_3_15_408,uxor pauper ibycus tandem nequitia figo modus tuus famosus que labor maturus propior desino funus inter ludo uirgo et stella nebula spargo candidus,0
408_3_15_409,non si quis pholoe satis et tu chloris decet filia recte expugno iuuenis domus pello thyas ut concieo tympanum,1
409_3_15_410,ille cogo amor nothus lasciuus similis ludo caprea tu lana prope nobilis tondeo luceria non cithara decet nec flos purpureus rosa nec poto uetula faex tenus cadus,1
410_3_16_411,includo danae turris aeneus robustus que foris et uigil canis tristis excubiae munio satis nocturnus ab adulter si non acrisius uirgo abdo custos pauidus iuppiter et uenus rideo sum enim tutus iter et patens conuerto in pretium deus,1
411_3_16_412,aurum per medius eo satelles et perrumpo amo saxum potens ictus fulmineus concido augur argiuus domus ob lucrum demergo exitium diffindo urbs porta uir macedo et subruo aemulus rex munus munus nauis saeuus illaqueo dux,1
412_3_16_413,cresco sequor cura pecunia magnus que fames iure perhorresco late conspicuus tollo uertex maecenas eques decus,1
413_3_16_414,quanto quisque sui multus nego ab deus multus fero nihil cupio nudus castra peto et transfuga diues pars linquo gestio contemptus dominus splendidus res quam si quisquis aro impiger apulus occulto meus dico horreum magnus inter ops inops,1
414_3_16_415,purus riuus aqua silua que iugerum paucus et seges certus fides meus fulgeo imperium fertilis africa fallo sors beatus,1
415_3_16_416,quamquam nec calaber mel fero apis nec laestrygonius bacchus in amphora languesco ego nec pinguis gallicus cresco uellus pascuum importunus tamen pauperies absum nec si multus uolo tu do denego,0
416_3_16_417,contraho bene paruus cupido uectigal porrigo quam si mygdonius regnum alyattes campus continuo,1
417_3_16_418,multus peto desum multus bene sum qui deus offero parcus qui satis sum manus,1
418_3_17_419,aelius uetustus nobilis ab lamus quando et prior hinc lamia fero denomino et nepos per memor genus omnis fastus auctor ab ille duco origo qui formiae moenia dico princeps et inno marica litus teneo liris late tyrannus cras folium nemus multus et alga litus inutilis demitto tempestas ab eurus sterno aqua nisi fallo augur annosus cornix dum possum aridus compono lignum cras genius merum curo et porcus bimestris cum famulus opus solutus,1
419_3_18_420,faunus nympha fugio amator per meus finis et apricus rus lenis incedo abeo que paruus aequus alumnus si tener plenus cado haedus annus largus nec desum uenus sodalis uinum cratera uetus ara multus fumo odor,1
420_3_18_421,ludo herbosus pecus omnis campus cum tu nonae redeo december festus in pratum uaco otiosus cum bos pagus inter audax lupus erro agnus spargo agrestis tu silua frons gaudeo inuisus pello fossor ter pes terra,1
421_3_19_422,quantum disto ab inachus codrus pro patria non timidus morior narro et genus aeacus et pugno sacer bellum sub ilium quis chius pretium cadus mercor quis aqua tempero ignis quis praebeo domus et quotus paelignus careo frigus taceo,1
422_3_19_423,do luna propere nouus do nox medius do puer augur murena tres aut nouem misceo cyathus poculum commodus,1
423_3_19_424,qui musa amo impar ternus ter cyathus attonitus peto uates tres prohibeo supra rixa metuens tango gratia nudus iungo soror insanio iuuo cur berecyntius cesso flamen tibia,0
424_3_19_425,cur pendeo tacitus fistula cum lyra,1
425_3_19_426,parcens ego dextera odi spargo rosa,1
426_3_19_427,audio inuidus demens strepitus lycus et uicina senex non habilis lycus,0
427_3_19_428,spissus tu nitidus coma purus tu similis telephus uesper tempestiuus peto rhode ego lentus glycera torreo amor meus,1
428_3_20_429,non uideo quantus moueo periculum pyrrhus gaetulus catulus leaena,1
429_3_20_430,durus post paulo fugio inaudax proelium raptor cum per obsto iuuenis caterua eo insignis repeto nearchus grandis certamen tu praeda cedo magnus an ille,0
430_3_20_431,interim dum tu celer sagitta promo hic dens acuo timeo arbiter pugna pono nudus sub pes palma fero et lenis recreo uentus spargo odoratus humerus capillus qualis aut nireus sum aut aquosus rapio ab ida,1
431_3_21_432,o nascor ego cum consul manlius seu tu querela siue gero iocus seu rixa et insanus amor seu facilis pius testa somnus quicumque lego nomen massicum seruo moueo dignus bonus dies descendo coruinus iubeo promo languidus uinum,1
432_3_21_433,non ille quamquam socraticus madeo sermo tu negligo horridus narro et priscus cato saepe merum caleo uirtus,1
433_3_21_434,tu lenis tormentum ingenium admoueo plerumque durus tu sapiens cura et arcanus iocosus consilium retego lyaeus tu spes reduco mens anxius uis que et addo cornu pauper post tu neque iratus tremo rex apex neque miles arma,1
434_3_21_435,tu liber et si laetus assum uenus segnis que nodus soluo gratia uiuus que produco lucerna dum redeo fugo astrum phoebus,1
435_3_22_436,mons custos nemus que uirgo qui laboro uterus puella ter uoco audio adimo que letum diua triformis immineo uilla tuus pinus sum qui per exigo ego laetus annus uerres obliquus meditor ictus sanguis dono,1
436_3_23_437,caelum supinus si fero manus nascor luna rusticus phidyle si tus placo et hornus frux lar auidus que porca nec pestilens sentio africus fecundus uitis nec sterilis seges robigo aut dulcis alumnus pomifer grauis tempus annus,1
437_3_23_438,nam qui niualis pascor algidus deuoueo quercus inter et ilex aut cresco albanus in herba uictima pontifex securis ceruix tingo tu nihil attineo tento multus caedes bidens paruus corono marinus ros deus fragilis que myrtus,0
438_3_23_439,immunis ara si tango manus non sumptuosus blandus hostia mollio auersus penates far pius et salio mica,1
439_3_24_440,intactus opulentus thesaurus arabes et diues india caementum licet occupo terrenum omnis tuus et mare publicus si figo adamantinus superus uertex dirus necessitas clauus non animus metus non mors laqueus expedio caput,0
440_3_24_441,campester bene scythae qui plaustrum uagus rite traho domus uiuo et rigidus getae immetatus qui iugerum liber frux et ceres fero nec cultura placeo longus annuus defungor que labor aequalis recreo sors uicarius,1
441_3_24_442,illic mater careo priuignus mulier tempero innocens nec dotatus rego uir coniux nec nitidus fido adulter dos sum magnus parens uirtus et metuens alter uir certus foedus castitas et pecco nefas aut pretium sum morior,1
442_3_24_443,o quisquis uolo impius caedes et rabies tollo ciuicus si quaero pater urbs subscribo statua indomitus audeo refreno licentia clarus postgenitus quatenus heu nefas uirtus incolumis odi tollo ex oculus quaero inuidus,1
443_3_24_444,quis tristis querimonia si non supplicium culpa recido quis lex sine mos uanus proficio si neque feruidus pars includo calor mundus nec boreas finitimus latus duro que solum nix mercator abigo horridus callidus uinco aequor nauta magnus pauperies opprobrium iubeo quiuis et facio et patior uirtus que uia desero arduus,0
444_3_24_445,uel nos in capitolium quo clamor uoco et turba faueo uel nos in mare propior gemma et lapis aurum et inutilis superus materies malum mitto scelus si bene paeniteo,1
445_3_24_446,erado cupido prauus sum elementa et tener nimis mens asper formo studium,1
446_3_24_447,nescio equus rudis haereo ingenuus puer uenor que timeo ludo doctus seu graecus iubeo trochus seu malo ueto lex alea cum periurus pater fides consors socius fallo et hospes indignus que pecunia heres propero,1
447_3_24_448,scilicet improbus cresco diuitiae tamen curtus # nescioquis semper absum res,1
448_3_25_449,quo ego bacchus rapio tu plenus,1
449_3_25_450,quis nemus aut quis ago in specus uelox mens nouus,1
450_3_25_451,quis antrum egregius caesar audio aeternus meditor decus stella insero et consilium iuppiter,1
451_3_25_452,dico insignis recens adhuc indictus os alius,1
452_3_25_453,non secus in iugum exsomnis stupeo euhyas hebrus prospicio et nix candidus thraca ac pes barbarus lustro rhodope ut ego deuius ripa et uacuus nemus miror libet,1
453_3_25_454,o nais potens baccha que ualeo procerus manus uerto fraxinus nihil paruus aut humilis modus nihil mortalis loquor,1
454_3_25_455,dulcis periculum sum o lenaeus sequor deus cingo uiridis tempus pampinus,1
455_3_26_456,uiuo puella nuper idoneus et milito non sine gloria nunc arma defungor que bellum barbitos hic paries habeo laeuus marinus qui uenus latus custodio hic hic pono lucidus funale et uectis et arcus oppono foris minax,1
456_3_26_457,o qui beatus diua teneo cyprus et memphis careo sithonius nix regina sublimis flagellum tango chloe semel arrogo,1
457_3_27_458,impius parra recino omen duco et praegnans canis aut ab ager rauus decurro lupa lanuuinus fetus que uulpes rumpo et serpens iter instituo si per obliquum similis sagitta terreo mannus,1
458_3_27_459,ego qui timeo prouidus auspex antequam sto repeto palus imber diuinus auis immineo oscen coruus prex suscito sol ab ortus,1
459_3_27_460,sum licet felix ubicumque malo et memor nos galatea uiuo tu que nec laeuus ueto eo picus nec uagus cornix,1
460_3_27_461,sed uideo quantus trepido tumultus pronus orion,1
461_3_27_462,ego quis sum ater hadria nosco sinus et quis albus pecco iapyx,1
462_3_27_463,hostis uxor puer que caecus sentio motus orior auster et aequor niger fremitus et tremo uerber ripa,1
463_3_27_464,sic et europa niueus dolosus credo taurus latus et scateo bellua pontus medius que fraus palleo audax,1
464_3_27_465,nuper in pratum studiosus flos et debeo nympha opifex corona nox sublustris nihil astrum praeter uideo et unda,1
465_3_27_466,qui simul centum tango potens oppidum creta pater o relinquo filia nomen pietas que dico uinco furor,1
466_3_27_467,unde quo uenio,1
467_3_27_468,leuis unus mors sum uirgo culpa,0
468_3_27_469,uigilo ne ploro turpis commissum an uitium careo ludo imago uanus qui porta fugio eburneus somnium duco,1
469_3_27_470,bonus ne fluctus eo per longus sum an recens carpo flos,1
470_3_27_471,si quis infamis ego nunc iuuencus dedo irascor lacero ferrum et frango enitor modo multum amo cornu monstrum,1
471_3_27_472,impudens linquo patrius penates impudens orcus moror,1
472_3_27_473,o deus si quis hic audio utinam inter erro nudus leo antequam turpis macies decens occupo mala tener que sucus defluo praeda speciosus quaero pasco tigris,1
473_3_27_474,uilis europa pater urgeo absum quis morior cesso,0
474_3_27_475,possum hic ab ornus pendulus zona bene tu sequor laedo collum,1
475_3_27_476,siue tu rupes et acutus letum saxum delecto age tu procella credo uelox nisi herilis malo carpo pensum regius sanguis domina que trado barbarus pellex,1
476_3_27_477,assum queror perfidum rideo uenus et remitto filius arcus,1
477_3_27_478,mox ubi ludo satis abstineo dico ira calidus que rixa cum tu inuisus lacero reddo cornu taurus,1
478_3_27_479,uxor inuictus iuppiter sum nescio,1
479_3_27_480,mitto singultus bene fero magnus disco fortuna tuus seco orbis nomen duco,1
480_3_28_481,festus quis potis dies neptunus facio,1
481_3_28_482,promo recondo lyde strenuus caecubum munio que adhibeo uis sapientia,1
482_3_28_483,inclino meridies sentio et uelut sto uolucer dies parco deripio horreum cesso bibulus consul amphora,1
483_3_28_484,nos canto inuicem neptunus et uiridis nereis coma tu curuus recino lyra latona et celer spiculum cynthia superus carmen qui cnidus fulgens que teneo cyclas et paphus iungo uiso olor dico mereor nox quoque nenia,1
484_3_29_485,tyrrhenus rex progenies tu non ante uerto lenis merum cadus cum flos maecenas rosa et premo tuus balanus capillus iamdudum apud ego sum eripio tu mora ne semper udus tibur et aefula decliuis contemplor aruum et telegonus iugum parricida,1
485_3_29_486,fastidiosus desero copia et moles propinquus nubes arduus omitto miror beatus fumus et ops strepitus que roma,1
486_3_29_487,plerumque gratus diues uicis mundus que paruus sub lar pauper cena sine aulaeum et ostrum sollicitus explico frons,1
487_3_29_488,iam clarus occulo andromeda pater ostendo ignis iam procyon furo et stella uesanus leo sol dies refero siccus iam pastor umbra cum grex languidus riuus que fessus quaero et horridus dumetum siluanus careo que ripa uagus taciturnus uentus tu ciuitas quis decet status curo et urbs sollicitus timeo quis seres et regno cyrus bactra paro tanais que discors,1
488_3_29_489,prudens futurus tempus exitus caliginosus nox premo deus rideo que si mortalis ultra fas trepido,0
489_3_29_490,qui assum memini compono aequus cetera flumen ritus fero nunc medius alueus cum pax delabor etruscus in mare nunc lapis adedo stirps que rapio et pecus et domus uoluo una non sine mons clamor uicinus que silua cum ferus diluuies quietus irrito amnis,1
490_3_29_491,ille potens sui laetus que dego qui licet in dies dico uiuo,1
491_3_29_492,cras uel ater nubes polus pater occupo uel sol purus non tamen irritus quicumque retro sum efficio neque diffingo infectus que reddo qui fugio semel hora ueho,1
492_3_29_493,fortuna saeuus laetus negotium et ludus insolens ludo pertinax transmuto incertus honor nunc ego nunc alius benignus,0
493_3_29_494,laudo maneo si celer quatio penna resigno qui do et meus uirtus ego inuoluo probus que pauperies sine dos quaero,1
494_3_29_495,non sum meus si mugio africus malus procella ad miser prex decurro et uotum paciscor ne cyprius tyrius que merx addo auarus diuitiae mare tunc ego biremis praesidium scapha tutus per aegaeus tumultus aura fero geminus que pollux,0
495_3_30_496,exigo monumentum aes perennis regalis que situs pyramis altus qui non imber edax non aquilo impotens possum diruo aut innumerabilis annus series et fuga tempus,0
496_3_30_497,non omnis morior multus que pars ego uito libitina usque ego posterus cresco laus recens dum capitolium scando cum tacitus uirgo pontifex dico qua uiolens obstrepo aufidus et qua pauper aqua daunus agrestis regno populus ex humilis potens princeps aeolius carmen ad italus deduco modus,1
497_3_30_498,sumo superbia quaero meritum et ego delphicus laurus cingo uolens melpomene coma,1
498_4_1_499,intermitto uenus diu rursus bellum moueo,1
499_4_1_500,parco precor precor,1
500_4_1_501,non sum qualis sum bonus sub regnum cinara,1
501_4_1_502,desino dulcis mater saeuus cupido circa lustrum decem flecto mollis iam durus imperium abeo quo blandus iuuenis tu reuoco prex,1
502_4_1_503,tempestiue in domus paulus purpureus ales olor comissor maximus si torreo iecur quaero idoneus,1
503_4_1_504,namque et nobilis et decens et pro sollicitus non tacitus reus et centum puer ars late signum fero militia tuus et quandoque potens largus munus rideo aemulus albanus prope tu lacus pono marmoreus sub trabs citreus,1
504_4_1_505,illic multus naris duco tus lyra que et berecyntius delecto tibia misceo carmen non sine fistula illic bis puer dies numen cum tener uirgo tuus laudo pes candidus in mos salius ter quatio humus,1
505_4_1_506,ego nec femina nec puer iam nec spes animus credulus mutuus nec certo iuuo merum nec uincio nouus tempus flos,1
506_4_1_507,sed cur heu ligurinus cur mano rarus meus lacrima per gena,1
507_4_1_508,cur facundus parum decorus inter uerbum cado lingua silentium,1
508_4_1_509,nocturnus ego somnium iam capio teneo iam uolucer sequor tu per gramen martius campus tu per aqua durus uolubilis,1
509_4_2_510,pindarus quisquis studeo aemulor iullus cero ops daedaleus nitor penna uitreus do nomen pontus,1
510_4_2_511,mons decurro uelut amnis imber qui super notus alo ripa ferueo immensus que ruo profundus pindarus os laurea dono apollinaris seu per audax nouus dithyrambus uerbum deuoluo numerus que fero lex solutus seu deus rex que cano deus sanguis per qui cado iustus mors centaurus cado tremendus flamma chimaera siue qui eleus domus reduco palma caelestis pugil ue equus ue dico et centum potis signum munus dono flebilis sponsa iuuenis ue rapio ploro et uis animus que mos que aureus educo in astrum niger que inuideo orcus,1
511_4_2_512,multus dircaeus leuo aura cycnus tendo antonius quotiens in altus nubes tractus ego apis matinus mos modus que gratus carpo thymum per labor multus circa nemus uuidus que tibur ripa operosus paruus carmen fingo,1
512_4_2_513,concino magnus poeta plectrum caesar quandoque traho ferox per sacer cliuus meritus decorus frons sugambri qui nihil magnus bonus ue terra fatum dono bonus que diuus nec do quamuis redeo in aurum tempus priscus concino laetus que dies et urbs publicus ludus super impetro fortis augustus reditus forum que lis orbus,1
513_4_2_514,tum meus si quis loquor audio uox accedo bonus pars et o sol pulcher o laudo cano recipio caesar felix,1
514_4_2_515,tu que dum procedo io triumphus non semel dico io triumphus ciuitas omnis do que diuus tus benignus,1
515_4_2_516,tu decem taurus totidem que uacca ego tener soluo uitulus relinquo mater qui largus iuuenesco herba in meus uotum frons curuo imitor ignis tertius luna refero ortus qua nota duco niueus uideo cetera fuluus,1
516_4_3_517,qui tu melpomene semel nascor placidus lumen uideo ille non labor isthmius claro pugil non equus impiger currus duco achaicus uictor neque res bellicus delius orno folium dux quod rex tumidus contundo minae ostendo capitolium sed qui tibur aqua fertilis praefluo et spissus nemus coma fingo aeolius carmen nobilis,1
517_4_3_518,roma princeps urbs dignor suboles inter amabilis uates pono ego chorus et iam dens parum mordeo inuidus,1
518_4_3_519,o testudo aureus dulcis qui strepitus pieris tempero o mutus quoque piscis dono cycnus si libet sonus totus munus hic tuus sum quod monstro digitus praetereo romanus fidicen lyra quod spiro et placeo si placeo tuus sum,1
519_4_4_520,qualis minister fulmen ales qui rex deus regnum in auis uagus permitto experior fidelis iuppiter in ganymedes flauus olim iuuentas et patrius uigor nidus labor propello inscius uernus que iam nimbus remoueo insolitus doceo nisus uentus paueo mox in ouile demitto hostis uiuidus impetus nunc in reluctor draco ago amor daps atque pugna qualis ue laetus caprea pascuum intentus fuluus mater ab uber iam lac depello leo dens nouus pereo uideo uideo raeti bellum sub alpes drusus gero uindelici qui mos unde deduco per omnis tempus amazonius securis dextera obarmo quaero differo nec scio fas sum omnis sed diu late que uictrix caterua consilium iuuenis reuinco sentio quis mens rite quis indoles nutrio faustus sub penetrale possum quis augustus paternus in puer animus nero,1
520_4_4_521,fortis creo fortis et boni sum in iuuencus sum in equus pater uirtus neque imbellis ferox progenero aquila columba,1
521_4_4_522,doctrina sed uis promoueo insitus rectum que cultus pectus roboro utcumque deficio mos indecoro bene natus culpa,0
522_4_4_523,quis debeo o roma nero testis metaurum flumen et hasdrubal deuinco et pulcher fugo ille dies latium tenebrae qui primus almus rideo adorea dirus per urbs afer ut italus ceu flamma per taeda uel eurus per siculus equito unda,1
523_4_4_524,post hic secundus usque labor romanus pubes cresco et impius uasto poeni tumultus fanum deus habeo rectus dico que tandem perfidus hannibal ceruus lupus praeda rapax sector ultro qui opimus fallo et effugio sum triumphus,0
524_4_4_525,gens qui cremo fortis ab ilium iacto tuscus aequor sacrum natus que maturus que pater perfero ausonius ad urbs durus ut ilex tondeo bipennis niger ferax frons in algidus per damnum per caedes ab ipse duco ops animus que ferrum,1
525_4_4_526,non hydra seco corpus firmus uinco doleo cresco in hercules monstrum ue submitto colchi magnus echionius ue thebae,1
526_4_4_527,merso profundum pulcher euenio luctor multus proruo integer cum laus uictor gero que proelium coniux loquor,1
527_4_4_528,carthago iam non ego nuntius mitto superbus occido occido spes omnis et fortuna noster nomen hasdrubal interimo,1
528_4_4_529,nihil claudius non perficio manus qui et benignus numen iuppiter defendo et cura sagax expedio per acutum bellum,1
529_4_5_530,diuus orior bonus bonus romulus custos gens absum iam nimium diu maturus reditus polliceor pater sanctus concilium redeo,1
530_4_5_531,lux reddo tuus dux bonus patria,1
531_4_5_532,instar uer enim uultus ubi tuus affulgeo populus gratus eo dies et sol bene niteo,1
532_4_5_533,ut mater iuuenis qui notus inuidus flatus carpathius trans mare aequor cunctor spatium longe annuus dulcis distineo ab domus uotum omen que et prex uoco curuus nec facies litus dimoueo sic desiderium ico fidelis quaero patria caesar,1
533_4_5_534,tutus bos etenim rus perambulo nutrio rus ceres almus que faustitas pacatus uolito per mare nauta culpo metuo fides nullus polluo castus domus stuprum mos et lex maculosus edomo nefas laudo similis proles puerpera culpa poena premo comes,1
534_4_5_535,quis parthus paueo quis gelidus scythes quis germania qui horridus parturio fetus incolumis caesar,1
535_4_5_536,quis ferus bellum curo hiberia,0
536_4_5_537,condo quisque dies collis in suus et uitis uiduus duco ad arbor hinc ad uinum redeo laetus et alter tu mensa adhibeo deus,1
537_4_5_538,tu multus prex tu prosequor merum defundo patera et lar tuus misceo numen ut graecia castor et magnus memor hercules,1
538_4_5_539,longus o utinam dux bonus feriae praesto hesperia dico integer siccus mane dies dico uuidus cum sol oceanus subsum,1
539_4_6_540,diuus qui proles niobeus magnus uindex lingua tityus que raptor sentio et troia prope uictor altus phthius achilles ceteri magnus tu miles impar filius quamuis thetis marinus dardanus turris quatio tremo cuspis pugnax ille mordax uelut ico ferrum pinus aut impello cupressus eurus procido late pono que collum in puluis teucer ille non includo equus minerua sacrum mentior male feriatus troes et laetus priamus chorea fallo aula sed palam capio grauis heu nefas heu nescius for puer achiuus uro flamma etiam lateo mater in aluus ni tuus flecto uenus que gratus uox diuus pater annuo res aeneas potis duco ales murus doctor argutus fidicen thalia phoebus qui xanthus lauo amnis crinis daunius defendo decus camena leuis agyieus,1
540_4_6_541,spiritus phoebus ego phoebus ars carmen nomen que do poeta uirgo primus puer que clarus pater orior delius tutela dea fugax lynx et ceruus cohibeo arcus lesbius seruo pes meus que pollex ictus rite latona puer cano rite cresco fax noctiluca prosper frux celer que pronus uoluo mensis,1
541_4_6_542,nubo iam dico ego deus amicus saeculum festus refero lux reddo carmen docilis modus uates horatius,1
542_4_7_543,diffugio nix redeo iam gramen campus arbor que coma muto terra uicis et decresco ripa flumen praetereo,1
543_4_7_544,gratia cum nympha geminus que soror audeo duco nudus chorus,1
544_4_7_545,immortalis ne spero moneo annus et almus qui rapio hora dies,1
545_4_7_546,frigus mitesco zephyrus uer protero aestas intereo simul pomifer autumnus frux effundo et mox bruma recurro iners,1
546_4_7_547,damnum tamen celer reparo caelestis luna nos ubi decido quo pius aeneas qui diues tullus et ancus puluis et umbra sum,1
547_4_7_548,quis scio an adicio hodiernus crastinus summa tempus deus superus,1
548_4_7_549,cunctus manus auidus fugio heres amicus qui do animus,1
549_4_7_550,cum semel occido et de tu splendidus minos facio arbitrium non torquatus genus non tu facundia non tu restituo pietas,1
550_4_7_551,infernus neque enim tenebrae diana pudicus libero hippolytus nec lethaeus ualeo theseus abrumpo carus uinculum pirithous,1
551_4_8_552,dono patera gratus que commodus censorinus meus aes sodalis dono tripus praemium fortis graii neque tu malus munus fero diues ego scilicet ars qui aut parrhasius profero aut scopas hic saxum liquidus ille color sollers nunc homo pono nunc deus,1
552_4_8_553,sed non hic ego uis nec tu talis res sum aut animus delicia egens gaudeo carmen carmen possum dono et pretium dico munus,1
553_4_8_554,non incido nota marmor publicus per qui spiritus et uita redeo bonus post mors dux non celer fuga reicio que retrorsum hannibal minae non incendium carthago impius is qui domo nomen ab africa lucror redeo clare indico laus quam calaber pierides neque si charta sileo qui bene facio merces fero,1
554_4_8_555,quis sum ilia mauors que puer si taciturnitas obsto meritum inuidus romulus,1
555_4_8_556,eripio stygius fluctus aeacus uirtus et fauor et lingua potens uates diues consecro insula,1
556_4_8_557,dignus laus uir musa ueto morior caelum musa beo,1
557_4_8_558,sic iuppiter intersum opto epulae impiger hercules clarus tyndaridae sidus ab inferus quassus eripio aequor ratis ornatus uiridis tempus pampinus liber uotum bonus duco ad exitus,1
558_4_9_559,ne forte credo intereo qui longe sono nascor ad aufidus non ante uulgo per ars uerbum loquor socio chorda non si prior maeonius teneo sedes homerus pindaricus lateo ceus que et alcaeus minax stesichorus que grauis camenae nec si quis olim ludo anacreon deleo aetas spiro adhuc amor uiuo que committo calor aeolius fides puella,1
559_4_9_560,non solus como ardeo adulter crinis et aurum uestis illino miror regalis que cultus et comes helena lacaenus primus ue teucer telum cydonius dirigo arcus non semel ilios uexo non pugno ingens idomeneus sthenelus ue solus dico musa proelium non ferox hector uel acer deiphobus grauis excipio ictus pro pudicus coniux puer que primus,1
560_4_9_561,uiuo fortis ante agamemnon multus sed omnis illacrimabilis urgeo ignotus que longus nox careo quia uates sacer,1
561_4_9_562,paulum sepelio disto inertia celo uirtus,1
562_4_9_563,non ego tu meus charta inornatus sileo tot ue tuus patior labor impune lollius carpo liuidus obliuio sum animus tu res que prudens et secundus tempus dubius que rectus uindex auarus fraus et abstineo duco ad sui cunctus pecunia consul que non unus annus sed quotiens bonus atque fidus iudex honestum praefero utilis reicio altus donum nocens uultus per obsto caterua explico suus uictor arma,0
563_4_9_564,non possideo multus uoco recte beatus recte occupo nomen beatus qui deus munus sapienter utor durus que calleo pauperies patior malus que letum flagitium timeo non ille pro carus amicus aut patria timidus pereo,1
564_4_10_565,o crudelis adhuc et uenus munus potens insperatus tuus cum uenio pluma superbia et qui nunc humerus inuolito decido coma nunc et qui color sum puniceus flos prior rosa muto ligurinus in facies uerto hispidus dico heu quotiens tu speculum uideo alter qui mens sum hodie cur idem non puer sum uel cur hic animus incolumis non redeo gena,1
565_4_11_566,sum ego nonus superans annus plenus albanum cadus sum in hortus phyllis necto apium corona sum hedera uis multus qui crinis religo fulgo rideo argentum domus ara castus uincio uerbena aueo immolo spargo agnus cunctus festino manus huc et illuc cursito misceo puer puella sordidus flamma trepido roto uertex fumus,1
566_4_11_567,ut tamen nosco qui aduoco gaudium idus tu sum ago qui dies mensis uenus marinus findo aprilis iure sollemnis ego sanctus que paene natalis proprius quod ex hic lux maecenas meus affluo ordino annus,1
567_4_11_568,telephus qui tu peto occupo non tuus sors iuuenis puella diues et lasciuus teneo que gratus compes uincio,1
568_4_11_569,terreo amburo phaethon auarus spes et exemplum grauis praebeo ales pegasus terrenus eques grauor bellerophontes semper ut tu dignus sequor et ultra quam licet spero nefas puto dispar uito,1
569_4_11_570,age iam meus finis amor non enim posthac alius caleo femina condisco modus amo uox qui reddo minuo ater carmen cura,1
570_4_12_571,iam uer comes qui mare tempero impello anima linteum thracius iam nec pratum rigeo nec fluuius strepo hibernus nix turgidus,1
571_4_12_572,nidus pono itys flebiliter gemo infelix auis et cecropius domus aeternus opprobrium quod male barbarus rex _sum ulciscor libido,1
572_4_12_573,dico in tener gramen pinguis custos ouis carmen fistula delecto que deus qui pecus et niger collis arcadia placeo,1
573_4_12_574,adduco sitis tempus uergilius,0
574_4_12_575,sed premo cales duco liber si gestio iuuenis nobilis cliens nardus uinum mereor,1
575_4_12_576,nardus paruus onyx elicio cadus qui nunc sulpicius accubo horreum spes dono nouus largus amara que cura eluo efficax,1
576_4_12_577,ad qui si propero gaudium cum tuus uelox merx uenio non ego tu meus immunis meditor tingo poculum plenus diues ut in domus,1
577_4_12_578,uerum pono mora et studium lucrum niger que memor dum licet ignis misceo stultitia consilium breuis dulcis sum desipio in locus,1
578_4_13_579,audio lyca deus meus uotum deus audio lyca fio anus et tamen uolo formosus uideo ludo que et bibo impudens et cantus tremulus poto cupido lentus sollicito ille uirens et doctus psallo chia pulcher excubo in gena,1
579_4_13_580,importunus enim transuolo aridus quercus et refugio tu quia luridus dens tu quia ruga turpo et caput nix,0
580_4_13_581,nec cous refero iam tu purpura nec carus lapis tempus qui semel notus condo fasti includo uolucer dies,1
581_4_13_582,quo fugio uenus heu quo ue color decens quo motus,1
582_4_13_583,quis habeo ille ille qui spiro amor qui ego surripio ego felix post cinara notus que et ars gratus facies,1
583_4_13_584,sed cinara breuis annus fatum do seruo diu par cornix uetulus tempus lyca possum ut iuuenis uiso feruidus multus non sine risus dilabor in cinis fax,0
584_4_14_585,quis cura pater quis ue quiris plenus honor munus tuus augustus uirtus in aeuum per titulus memor que fastus aeterno o qua sol habitabilis illustro ora magnus princeps qui lex expers latinus uindelici disco nuper quis mars possum,1
585_4_14_586,miles nam tuus drusus genauni implacidus genus breuni que uelox et arx alpes impono tremendus deicio acer multum uicis simplex magnus nero mox grauis proelium committo immanis que raeti auspicium pello secundus specto in certamen martius deuoueo mors pectus liber quantus fatigo ruina indomitus prope qualis unda exerceo auster pleiades chorus scindo nubes impiger hostis uexo turma et fremo mitto equus medius per ignis,1
586_4_14_587,sic tauriformis uoluo aufidus qui regnum daunus praefluo apulus cum saeuio horrendus que colo diluuies meditor ager ut barbarus claudius agmen ferratus uastus diruo impetus primus que et exter meto sterno humus sine clades uictor tu copia tu consilium et tuus praebeo diuus,1
587_4_14_588,nam tu qui dies portus alexandria supplex et uacuus patefacio aula fortuna lustrum prosper tertius bellum secundus reddo exitus laus que et opto perago imperium decus arrogo,1
588_4_14_589,tu cantaber non ante domabilis medus que et indus tu profugus scythes miror o tutela praesens italia domina que roma,1
589_4_14_590,tu fons qui celo origo nilus que et hister tu rapidus tigris tu belluosus qui remotus obstrepo oceanus britanni tu non paueo funus gallia durus que tellus audio hiberia tu caedes gaudeo sugambri compono ueneror arma,0
590_4_15_591,phoebus uolens proelium ego loquor uinco et urbs increpo lyra ne paruus tyrrhenus per aequor uelum do,1
591_4_15_592,tuus caesar aetas frux et ager refero uber et signum noster restituo iuppiter deripio parthi superbus postis et uacuus duellum ianus quirinus claudo et ordo rectus euagor frenum licentia inicio emoueo que culpa et uetus reuoco ars per qui latinus nomen et italus cresco uis fama que et imperium porrigo maiestas ad ortus sol ab hesperius cubile,1
592_4_15_593,custos res caesar non furor ciuilis aut uis exigo otium non ira qui procudo ensis et miser inimico urbs non qui profundus danubius bibo edictum rumpo iulius non getae non seres infidus que persae non tanais prope flumen orior nos que et profestus lux et sacer inter iocosus munus liber cum proles matrona que noster rite deus prius apprecor uirtus fungor mos pater dux lydus remisceo carmen tibia troia que et anchises et almus progenies uenus cano,1
